[{"model": "main.user", "pk": 1, "fields": {"password": "pbkdf2_sha256$1200000$DID6EJUf8f2UYfKMsACucG$Cpy0A0tmnlmxI5q9A66ZsBffN3n6oyTLZab17EDiOWA=", "last_login": "2026-06-14T16:33:24.314Z", "is_superuser": true, "username": "Admin123", "first_name": "", "last_name": "", "email": "admin123@gmail.com", "is_staff": true, "is_active": true, "date_joined": "2026-06-13T08:07:53Z", "profile_picture": "", "status": "VERIFIED", "groups": [], "user_permissions": []}}, {"model": "main.user", "pk": 3, "fields": {"password": "pbkdf2_sha256$1200000$3jRl7Bj6bqJiJ0sXCZP3Rg$hUpUQ7ASRux7T3MO/+Sf0qaoZa+fEHRPo8uOPl+h7e8=", "last_login": "2026-06-14T16:21:52.893Z", "is_superuser": false, "username": "Sosik", "first_name": "", "last_name": "", "email": "saskamil7@gmail.com", "is_staff": false, "is_active": true, "date_joined": "2026-06-13T08:33:33Z", "profile_picture": "", "status": "VERIFIED", "groups": [], "user_permissions": []}}, {"model": "main.user", "pk": 4, "fields": {"password": "pbkdf2_sha256$1200000$Q7Boy2QrW3dnZohQXzsJ45$SP2dclMwST8Y/rzf1TXWRoJX+0bE+NAXtYNW2K99/c4=", "last_login": "2026-06-13T09:03:13Z", "is_superuser": false, "username": "EvilSos", "first_name": "", "last_name": "", "email": "sos123@gmail.com", "is_staff": false, "is_active": true, "date_joined": "2026-06-13T08:50:22Z", "profile_picture": "", "status": "VERIFIED", "groups": [], "user_permissions": []}}, {"model": "main.category", "pk": 1, "fields": {"name": "Sandbox"}}, {"model": "main.category", "pk": 2, "fields": {"name": "Survival"}}, {"model": "main.category", "pk": 3, "fields": {"name": "Souls / Soulslike"}}, {"model": "main.category", "pk": 4, "fields": {"name": "Puzzle"}}, {"model": "main.category", "pk": 5, "fields": {"name": "Platformer"}}, {"model": "main.category", "pk": 6, "fields": {"name": "ARPG"}}, {"model": "main.category", "pk": 7, "fields": {"name": "Metroidvania"}}, {"model": "main.category", "pk": 8, "fields": {"name": "Racing"}}, {"model": "main.category", "pk": 9, "fields": {"name": "FPS"}}, {"model": "main.category", "pk": 10, "fields": {"name": "Action-Adventure"}}, {"model": "main.category", "pk": 11, "fields": {"name": "Roguelike/Roguelite"}}, {"model": "main.category", "pk": 12, "fields": {"name": "Horror"}}, {"model": "main.category", "pk": 13, "fields": {"name": "Hack and Slash"}}, {"model": "main.category", "pk": 14, "fields": {"name": "RTS"}}, {"model": "main.category", "pk": 15, "fields": {"name": "Deflection/Parry-Focused"}}, {"model": "main.category", "pk": 16, "fields": {"name": "Rhythm"}}, {"model": "main.category", "pk": 17, "fields": {"name": "Bullet Hell"}}, {"model": "main.category", "pk": 18, "fields": {"name": "Sports"}}, {"model": "main.category", "pk": 19, "fields": {"name": "Battle Royale"}}, {"model": "main.gamecategoryallocation", "pk": 1, "fields": {"game": 1, "category": 1}}, {"model": "main.gamecategoryallocation", "pk": 2, "fields": {"game": 1, "category": 2}}, {"model": "main.gamecategoryallocation", "pk": 3, "fields": {"game": 2, "category": 3}}, {"model": "main.gamecategoryallocation", "pk": 4, "fields": {"game": 8, "category": 4}}, {"model": "main.gamecategoryallocation", "pk": 5, "fields": {"game": 9, "category": 3}}, {"model": "main.gamecategoryallocation", "pk": 6, "fields": {"game": 10, "category": 3}}, {"model": "main.gamecategoryallocation", "pk": 7, "fields": {"game": 11, "category": 3}}, {"model": "main.gamecategoryallocation", "pk": 8, "fields": {"game": 12, "category": 3}}, {"model": "main.gamecategoryallocation", "pk": 9, "fields": {"game": 13, "category": 3}}, {"model": "main.gamecategoryallocation", "pk": 10, "fields": {"game": 14, "category": 5}}, {"model": "main.gamecategoryallocation", "pk": 11, "fields": {"game": 15, "category": 5}}, {"model": "main.gamecategoryallocation", "pk": 12, "fields": {"game": 14, "category": 7}}, {"model": "main.gamecategoryallocation", "pk": 13, "fields": {"game": 15, "category": 7}}, {"model": "main.gamecategoryallocation", "pk": 14, "fields": {"game": 2, "category": 6}}, {"model": "main.gamecategoryallocation", "pk": 15, "fields": {"game": 9, "category": 6}}, {"model": "main.gamecategoryallocation", "pk": 16, "fields": {"game": 10, "category": 6}}, {"model": "main.gamecategoryallocation", "pk": 18, "fields": {"game": 13, "category": 6}}, {"model": "main.gamecategoryallocation", "pk": 19, "fields": {"game": 12, "category": 15}}, {"model": "main.gamecategoryallocation", "pk": 20, "fields": {"game": 16, "category": 15}}, {"model": "main.gamecategoryallocation", "pk": 21, "fields": {"game": 16, "category": 7}}, {"model": "main.gamecategoryallocation", "pk": 22, "fields": {"game": 16, "category": 5}}, {"model": "main.gamecategoryallocation", "pk": 23, "fields": {"game": 17, "category": 9}}, {"model": "main.gamecategoryallocation", "pk": 24, "fields": {"game": 18, "category": 10}}, {"model": "main.gamecategoryallocation", "pk": 25, "fields": {"game": 19, "category": 8}}, {"model": "main.gamecategoryallocation", "pk": 26, "fields": {"game": 20, "category": 12}}, {"model": "main.gamecategoryallocation", "pk": 27, "fields": {"game": 21, "category": 13}}, {"model": "main.gamecategoryallocation", "pk": 28, "fields": {"game": 22, "category": 14}}, {"model": "main.gamecategoryallocation", "pk": 29, "fields": {"game": 23, "category": 16}}, {"model": "main.gamecategoryallocation", "pk": 30, "fields": {"game": 23, "category": 13}}, {"model": "main.game", "pk": 1, "fields": {"name": "Minecraft", "release_date": "2009-05-17", "description": "The most popular sandbox game in the world", "image": "images/game_images/Minecraft.png"}}, {"model": "main.game", "pk": 2, "fields": {"name": "Elden Ring", "release_date": "2022-02-25", "description": "Souls Game, successor of Dark Souls 3", "image": "images/game_images/EldenLogo.jpg"}}, {"model": "main.game", "pk": 8, "fields": {"name": "Portal 2", "release_date": "2011-04-19", "description": "A sequel of the classic portal-hopping puzzle game", "image": ""}}, {"model": "main.game", "pk": 9, "fields": {"name": "Dark Souls Remastered", "release_date": "2011-10-04", "description": "The remastered version of the classic Dark Souls 1", "image": "images/game_images/i-dark-souls-remastered-digital.jpg"}}, {"model": "main.game", "pk": 10, "fields": {"name": "Dark Souls II", "release_date": "2014-03-14", "description": "The second game in the classic Dark Souls Trio", "image": "images/game_images/ds2.png"}}, {"model": "main.game", "pk": 11, "fields": {"name": "Dark Souls III", "release_date": "2016-04-12", "description": "The last of the classic Dark Souls Trio", "image": "images/game_images/ds3.png"}}, {"model": "main.game", "pk": 12, "fields": {"name": "Sekiro: Shadows Die Twice", "release_date": "2019-03-22", "description": "The acclaimed hardest souls game, centered in oriental style", "image": "images/game_images/Sekiro_art.jpg"}}, {"model": "main.game", "pk": 13, "fields": {"name": "Black Myth Wukong", "release_date": "2024-08-20", "description": "The souls-like game about the mythical Monkey King", "image": "images/game_images/Black_Myth_Wukong_cover_art.jpg"}}, {"model": "main.game", "pk": 14, "fields": {"name": "Hollow Knight", "release_date": "2017-02-24", "description": "The classic platform game in the bug world", "image": "images/game_images/HK_first_cover_art.jpg"}}, {"model": "main.game", "pk": 15, "fields": {"name": "Hollow Knight: Silksong", "release_date": "2025-09-04", "description": "The sequel of the classic platform game in a bug world", "image": "images/game_images/Silksong.jpg"}}, {"model": "main.game", "pk": 16, "fields": {"name": "Nine Sols", "release_date": "2024-05-29", "description": "The timing-precision game about a cat-human", "image": "images/game_images/I0_nine-sols-promotional-art.jpg"}}, {"model": "main.game", "pk": 17, "fields": {"name": "Doom", "release_date": "1993-12-10", "description": "", "image": "images/game_images/Doom_cover_art.jpg"}}, {"model": "main.game", "pk": 18, "fields": {"name": "The Legend of Zelda: Breath of the Wild", "release_date": "2017-03-03", "description": "", "image": "images/game_images/The_Legend_of_Zelda_Breath_of_the_Wild.jpg"}}, {"model": "main.game", "pk": 19, "fields": {"name": "Trackmania", "release_date": "2020-07-01", "description": "", "image": ""}}, {"model": "main.game", "pk": 20, "fields": {"name": "SCP - Containment Breach", "release_date": "2012-04-15", "description": "", "image": ""}}, {"model": "main.game", "pk": 21, "fields": {"name": "Devil May Cry 5", "release_date": "2019-03-08", "description": "", "image": "images/game_images/Devil_May_Cry_5.jpg"}}, {"model": "main.game", "pk": 22, "fields": {"name": "StarCraft II", "release_date": "2010-07-27", "description": "", "image": ""}}, {"model": "main.game", "pk": 23, "fields": {"name": "Hi-Fi RUSH", "release_date": "2023-01-23", "description": "", "image": ""}}, {"model": "main.speedruntype", "pk": 1, "fields": {"name": "Any% Glitchless", "game": 1, "description": "Speedrun to kill the dragon, in Survival game mode, without cheats or glitches"}}, {"model": "main.speedruntype", "pk": 2, "fields": {"name": "Any%, Glichless", "game": 2, "description": "Speedrun to kill Elden Beast, without cheats or glitches"}}, {"model": "main.speedruntype", "pk": 3, "fields": {"name": "Any%", "game": 1, "description": "Speedrun to kill the dragon, in Survival game mode, without cheats, but glitches allowed"}}, {"model": "main.speedrun", "pk": 1, "fields": {"url": "https://youtu.be/_PeBYM3FLFc?si=u4n_xc1zSALMdpP4", "time": 3415.0, "date": "2023-03-20", "status": "ACCEPTED", "speedrun_type": 2, "user": 4}}, {"model": "main.speedrun", "pk": 2, "fields": {"url": "https://youtu.be/jXGxuTBjqgw?si=CZVaB9SlOlHaU6Nc", "time": 3175.0, "date": "2026-06-13", "status": "ACCEPTED", "speedrun_type": 2, "user": 3}}, {"model": "main.speedrun", "pk": 3, "fields": {"url": "https://youtu.be/pyV68KvUwlw?si=9UIydaSMRBEnj8W1", "time": 53.0, "date": "2026-06-10", "status": "ACCEPTED", "speedrun_type": 1, "user": 3}}, {"model": "main.report", "pk": 1, "fields": {"title": "I don't like it", "description": "This is too good, i don't like it", "date": "2026-06-13", "status": "PENDING", "reporter": 1}}, {"model": "main.report", "pk": 2, "fields": {"title": "I don't like him", "description": "He seems not cool", "date": "2026-06-13", "status": "PENDING", "reporter": 1}}, {"model": "main.userreport", "pk": 2, "fields": {"target": 3}}, {"model": "main.speedrunreport", "pk": 1, "fields": {"target": 2}}, {"model": "main.request", "pk": 1, "fields": {"user": 3, "status": "ACCEPTED", "date": "2026-06-13"}}, {"model": "main.request", "pk": 2, "fields": {"user": 3, "status": "ACCEPTED", "date": "2026-06-13"}}, {"model": "main.gamerequest", "pk": 1, "fields": {"title": "Elden Ring", "description": "The latest Souls Game", "release_date": "2022-02-25"}}, {"model": "main.speedruntyperequest", "pk": 2, "fields": {"name": "Survival, No cheats", "description": "Speedrun to kill the dragon, in Survival game mode, without cheats", "game": 1}}]
